{
  "height": 35.762022028722832,
  "id": 3622579866,
  "tabOrder": 7000,
  "width": 445.83108142797386,
  "x": 834.17056354771773,
  "y": 37.039237101177221,
  "z": 1000
}