{
  "height": 576.73395839845352,
  "id": 3622579307,
  "tabOrder": -31001,
  "width": 15.810956649907972,
  "x": 976.98347829361046,
  "y": 0,
  "z": 7000
}