{
  "height": 36.741075673725796,
  "id": 3622579402,
  "tabOrder": -1001,
  "width": 122.29505610565552,
  "x": 1157.2847427535185,
  "y": 0.22982506949690595,
  "z": 7000
}