{
  "height": 36.879460139540207,
  "id": 3622579551,
  "tabOrder": -1001,
  "width": 1090.414047050426,
  "x": 189.16575180874793,
  "y": 0.22982506949690595,
  "z": 2000
}