{
  "height": 576.73395839845352,
  "id": 3622579516,
  "tabOrder": -10001,
  "width": 15.810956649907972,
  "x": 314.85131970330212,
  "y": 0,
  "z": 28000
}