{
  "height": 599.61384637438209,
  "id": 3622579800,
  "tabOrder": 12000,
  "width": 15.763118484498182,
  "x": 1166.0211147935322,
  "y": 0.22217046049083181,
  "z": 0
}