{
  "height": 36.200145032632342,
  "id": 3622577361,
  "tabOrder": -3001,
  "width": 173.57505438723712,
  "x": 1089.1421245617034,
  "y": 264.47766817899992,
  "z": 3000
}