{
  "height": 431.70672097759672,
  "id": 3622579393,
  "tabOrder": 5000,
  "width": 302.92464358452139,
  "x": 14.077393075356415,
  "y": 267.47046843177191,
  "z": 9000
}