{
  "height": 14.922742232386895,
  "id": 3622579539,
  "tabOrder": -7001,
  "width": 1245.6562726613488,
  "x": 0,
  "y": 208.14768847618362,
  "z": 12000
}