{
  "height": 37.015615962984384,
  "id": 3622577515,
  "tabOrder": -1001,
  "width": 121.41122035858878,
  "x": 1006.0844418739156,
  "y": 0,
  "z": 8000
}