{
  "height": 33.171830985915491,
  "id": 3622577282,
  "tabOrder": 13000,
  "width": 147.83098591549296,
  "x": 1128.1150785435407,
  "y": 38.219718309859161,
  "z": 24000
}