{
  "height": 599.49508408236045,
  "id": 3622579801,
  "tabOrder": 13000,
  "width": 15.809018111079094,
  "x": 0,
  "y": 0,
  "z": 38000
}