{
  "height": 254.17360285374556,
  "id": 3622577276,
  "tabOrder": 6000,
  "width": 301.35552913198575,
  "x": 16.741973840665874,
  "y": 442.140309155767,
  "z": 18000
}