{
  "height": 14.922742232386895,
  "id": 3622577148,
  "tabOrder": -56001,
  "width": 1245.6562726613488,
  "x": 0,
  "y": 567.06420483070212,
  "z": 0
}