{
  "height": 37.244881619581392,
  "id": 3622579725,
  "tabOrder": 6000,
  "width": 438.74251362547255,
  "x": 195.19564891908777,
  "y": 0,
  "z": 10500
}