{
  "height": 14.922742232386895,
  "id": 3622579542,
  "tabOrder": -4001,
  "width": 1245.6562726613488,
  "x": 0,
  "y": 118.61123508186223,
  "z": 15000
}