{
  "height": 581.21624428585608,
  "id": 3622579272,
  "tabOrder": -1,
  "width": 1245.9275331148203,
  "x": 0,
  "y": 0,
  "z": 0
}