{
  "height": 576.84821162355036,
  "id": 3622579406,
  "width": 15.765051395007342,
  "x": 1197.6941978237135,
  "y": 0.21373527910443957,
  "z": 1000
}