{
  "height": 14.922742232386895,
  "id": 3622577252,
  "tabOrder": 17000,
  "width": 1245.6562726613488,
  "x": 0,
  "y": 59.69096892954758,
  "z": 17000
}