{
  "height": 253.30783938814534,
  "id": 3622577279,
  "tabOrder": 7000,
  "width": 301.03250478011472,
  "x": 332.848948374761,
  "y": 173.76673040152966,
  "z": 21000
}