{
  "height": 14.922742232386895,
  "id": 3622577334,
  "tabOrder": -12001,
  "width": 1245.6562726613488,
  "x": 0,
  "y": 358.14581357728554,
  "z": 7000
}