{
  "height": 68.077661683666136,
  "id": 3622577833,
  "tabOrder": 6000,
  "width": 299.53837485774721,
  "x": 333.66372796302227,
  "y": 94.557115507542164,
  "z": 15000
}