{
  "height": 576.73395839845352,
  "id": 3622577199,
  "tabOrder": 12000,
  "width": 15.810956649907972,
  "x": 819.332964343537,
  "y": 0,
  "z": 12000
}