{
  "height": 68.077661683666136,
  "id": 3622577178,
  "tabOrder": 9000,
  "width": 299.53837485774721,
  "x": 962.82565704943192,
  "y": 90.646051151721821,
  "z": 1000
}