{
  "height": 599.49508408236045,
  "id": 3622579829,
  "tabOrder": 41000,
  "width": 15.809018111079094,
  "x": 283.28647966163385,
  "y": 0,
  "z": 29000
}