{
  "height": 580.80522306855278,
  "id": 3622579719,
  "width": 1246.5723612622414,
  "x": 15.321001088139282,
  "y": 118.38955386289445,
  "z": 1000
}