{
  "height": 73.787029623698956,
  "id": 3622577950,
  "tabOrder": -9001,
  "width": 1280.0016449756915,
  "x": 0,
  "y": 0,
  "z": 3000
}