{
  "height": 14.922742232386895,
  "id": 3622577248,
  "tabOrder": 13000,
  "width": 1245.6562726613488,
  "x": 0,
  "y": 179.07290678864277,
  "z": 13000
}