{
  "height": 599.49508408236045,
  "id": 3622579820,
  "tabOrder": 32000,
  "width": 15.809018111079094,
  "x": 567.0226123826011,
  "y": 0,
  "z": 20000
}