{
  "height": 253.40101522842639,
  "id": 3622579373,
  "width": 614.4742567077592,
  "x": 647.88977519941989,
  "y": 446.46845540246551,
  "z": 15000
}