{
  "height": 576.73395839845352,
  "id": 3622577117,
  "tabOrder": -58001,
  "width": 15.810956649907972,
  "x": 661.68245039346368,
  "y": 0,
  "z": 17000
}