{
  "height": 577.06194690265477,
  "id": 3622577194,
  "width": 1213.4592492187207,
  "x": 16.434560789186342,
  "y": 4.7500779636374872,
  "z": 1000
}