{
  "height": 581.437908496732,
  "id": 3622579561,
  "width": 897.95206971677567,
  "x": 363.921568627451,
  "y": 118.51851851851852,
  "z": 5000
}