{
  "height": 576.73395839845352,
  "id": 3622579600,
  "tabOrder": -18001,
  "width": 15.810956649907972,
  "x": 567.09214202341957,
  "y": 0,
  "z": 20000
}