{
  "height": 599.49508408236045,
  "id": 3622579808,
  "tabOrder": 20000,
  "width": 15.809018111079094,
  "x": 1008.3899299485504,
  "y": 0,
  "z": 6000
}