{
  "height": 14.922742232386895,
  "id": 3622577333,
  "tabOrder": -18001,
  "width": 1245.6562726613488,
  "x": 0,
  "y": 537.21872036592833,
  "z": 1000
}