{
  "height": 14.922742232386895,
  "id": 3622577246,
  "tabOrder": 11000,
  "width": 1245.6562726613488,
  "x": 0,
  "y": 238.76387571819032,
  "z": 11000
}