{
  "height": 34.028629856850714,
  "id": 3622579474,
  "tabOrder": 2000,
  "width": 128.91615541922292,
  "x": 1005.8077709611453,
  "y": 85.071574642126791,
  "z": 9000
}