{
  "height": 14.922742232386895,
  "id": 3622579625,
  "tabOrder": -12001,
  "width": 1245.6562726613488,
  "x": 0,
  "y": 357.3751108000526,
  "z": 7000
}