{
  "height": 11.379736513116304,
  "id": 3622579381,
  "tabOrder": -5001,
  "width": 299.11493435154034,
  "x": 631.08813627476047,
  "y": 0,
  "z": 5000
}