{
  "height": 576.73395839845352,
  "id": 3622577290,
  "tabOrder": -1,
  "width": 15.810956649907972,
  "x": 0,
  "y": 0,
  "z": 38000
}