{
  "height": 599.49508408236045,
  "id": 3622579810,
  "tabOrder": 22000,
  "width": 15.809018111079094,
  "x": 1039.9161669175469,
  "y": 0,
  "z": 5000
}