{
  "height": 599.49508408236045,
  "id": 3622579823,
  "tabOrder": 35000,
  "width": 15.809018111079094,
  "x": 472.44390147561205,
  "y": 0,
  "z": 23000
}