{
  "height": 576.73395839845352,
  "id": 3622577221,
  "tabOrder": 25000,
  "width": 15.810956649907972,
  "x": 409.44162807334618,
  "y": 0,
  "z": 25000
}