{
  "height": 15.511676534856459,
  "id": 3622579840,
  "tabOrder": 51000,
  "width": 1245.5035460992908,
  "x": 0,
  "y": 433.5258239860002,
  "z": 5000
}