{
  "height": 73.787029623698956,
  "id": 3622579730,
  "tabOrder": -5001,
  "width": 1280.0016449756915,
  "x": 0,
  "y": 0,
  "z": 750
}