{
  "height": 15.511676534856459,
  "id": 3622579850,
  "tabOrder": 61000,
  "width": 1245.5035460992908,
  "x": 0,
  "y": 247.3857055677226,
  "z": 11000
}