{
  "height": 14.922742232386895,
  "id": 3622579450,
  "tabOrder": 2000,
  "width": 1245.6562726613488,
  "x": 0,
  "y": 506.6025331239216,
  "z": 2000
}