{
  "height": 576.84821162355036,
  "id": 3622577100,
  "tabOrder": -74001,
  "width": 15.765051395007342,
  "x": 1166.1640950336987,
  "y": 0.21373527910444268,
  "z": 0
}