{
  "height": 26.918056562726612,
  "id": 3622577181,
  "width": 165,
  "x": 1093.4296517553221,
  "y": 269.11871241395278,
  "z": 16000
}