{
  "height": 11.379736513116304,
  "id": 3622579382,
  "tabOrder": -7001,
  "width": 299.11493435154034,
  "x": 946.54133830980857,
  "y": 0,
  "z": 4000
}