{
  "height": 576.73395839845352,
  "id": 3622577318,
  "tabOrder": -9001,
  "width": 15.810956649907972,
  "x": 283.3212169132874,
  "y": 0,
  "z": 29000
}