{
  "height": 283.05010893246191,
  "id": 3622579556,
  "tabOrder": 5000,
  "width": 330.4575163398693,
  "x": 18.126361655773422,
  "y": 118.51851851851852,
  "z": 3000
}