{
  "height": 253.11549295774648,
  "id": 3622577368,
  "tabOrder": 1000,
  "width": 617.28450704225349,
  "x": 16.585915492957746,
  "y": 442.77183098591547,
  "z": 17000
}