{
  "height": 15.511676534856459,
  "id": 3622579847,
  "tabOrder": 58000,
  "width": 1245.5035460992908,
  "x": 0,
  "y": 309.4324117071485,
  "z": 9000
}