{
  "height": 576.73395839845352,
  "id": 3622577112,
  "tabOrder": -72001,
  "width": 15.810956649907972,
  "x": 1103.1038894536691,
  "y": 0,
  "z": 3000
}