{
  "height": 14.922742232386895,
  "id": 3622579795,
  "tabOrder": -1001,
  "width": 1245.6562726613488,
  "x": 0,
  "y": 29.07478168754086,
  "z": 18000
}