{
  "name": "268b9361777451a42a01",
  "layouts": [
    {
      "id": 0,
      "position": {
        "height": 577.06194690265477,
        "width": 1213.4592492187207,
        "x": 16.434560789186342,
        "y": 3.97937518640456,
        "z": 1000,
        "tabOrder": 0
      }
    }
  ],
  "singleVisualGroup": {
    "displayName": "Vertical",
    "groupMode": 0,
    "isHidden": false
  },
  "parentGroupName": "5a182e590787407ff806"
}