{
  "height": 64.582436279566039,
  "id": 3622579385,
  "tabOrder": -6001,
  "width": 299.11493435154034,
  "x": 946.40812031883047,
  "y": 0,
  "z": 0
}