{
  "height": 599.49508408236045,
  "id": 3622579809,
  "tabOrder": 21000,
  "width": 15.809018111079094,
  "x": 945.33745601055762,
  "y": 0,
  "z": 8000
}