{
  "height": 12.412225151298193,
  "id": 3622577267,
  "tabOrder": -5001,
  "width": 299.65598377740548,
  "x": 17.635968092820885,
  "y": 88.179840464104416,
  "z": 8000
}