{
  "height": 14.922742232386895,
  "id": 3622577343,
  "tabOrder": -4001,
  "width": 1245.6562726613488,
  "x": 0,
  "y": 119.38193785909516,
  "z": 15000
}