{
  "height": 14.922742232386895,
  "id": 3622579346,
  "tabOrder": -11001,
  "width": 1245.6562726613488,
  "x": 0,
  "y": 327.52962633527881,
  "z": 8000
}