{
  "height": 34,
  "id": 3622579559,
  "tabOrder": 1000,
  "width": 127.67377201112141,
  "x": 1134.792755515278,
  "y": 85.25378003816104,
  "z": 6000
}