{
  "height": 581.98694706308913,
  "id": 3622577097,
  "tabOrder": -8001,
  "width": 1245.6562726613488,
  "x": 16.70775924583031,
  "y": 114.16968817984046,
  "z": 0
}