{
  "height": 576.73395839845352,
  "id": 3622579740,
  "tabOrder": -25001,
  "width": 15.810956649907972,
  "x": 787.80286155352246,
  "y": 0,
  "z": 13000
}