{
  "height": 576.84821162355036,
  "id": 3622578372,
  "tabOrder": -37001,
  "width": 15.765051395007342,
  "x": 1166.1640950336987,
  "y": 0.21373527910444268,
  "z": 0
}