{
  "height": 14.922742232386895,
  "id": 3622579698,
  "tabOrder": 14000,
  "width": 1245.6562726613488,
  "x": 0,
  "y": 148.45671954663604,
  "z": 14000
}