{
  "height": 14.922742232386895,
  "id": 3622579278,
  "tabOrder": -18001,
  "width": 1245.6562726613488,
  "x": 0,
  "y": 536.44801758869539,
  "z": 1000
}