{
  "height": 576.73395839845352,
  "id": 3622579327,
  "tabOrder": -11001,
  "width": 15.810956649907972,
  "x": 346.38142249331673,
  "y": 0,
  "z": 27000
}