{
  "height": 282.615219721329,
  "id": 3622579639,
  "tabOrder": 2000,
  "width": 299.07824222936762,
  "x": 17.834941050375136,
  "y": 417.06323687031085,
  "z": 3000
}