{
  "height": 32.0348204570185,
  "id": 3622579397,
  "tabOrder": -1,
  "width": 121.17519042437431,
  "x": 835.69096844396074,
  "y": 37.606093579978236,
  "z": 15000
}