{
  "height": 577.06194690265477,
  "id": 3622577287,
  "tabOrder": -1001,
  "width": 1213.4592492187207,
  "x": 16.434560789186342,
  "y": 4.75007796363748,
  "z": 1000
}