{
  "height": 12.412225151298193,
  "id": 3622577177,
  "tabOrder": -31001,
  "width": 299.65598377740548,
  "x": 962.51189798259213,
  "y": 88.179840464104416,
  "z": 4000
}