{
  "height": 599.49508408236045,
  "id": 3622579803,
  "tabOrder": 15000,
  "width": 15.809018111079094,
  "x": 819.23250813457207,
  "y": 0,
  "z": 12000
}