{
  "height": 36.879460139540207,
  "id": 3622577169,
  "tabOrder": -7001,
  "width": 1090.414047050426,
  "x": 189.13361708974074,
  "y": 0.22982506949690595,
  "z": 2000
}