{
  "height": 599.49508408236045,
  "id": 3622579814,
  "tabOrder": 26000,
  "width": 15.809018111079094,
  "x": 756.1800341965793,
  "y": 0,
  "z": 14000
}