{
  "height": 12.473586658509504,
  "id": 3622579858,
  "tabOrder": 69000,
  "width": 1244.575451057488,
  "x": 1.1993222367603356,
  "y": 0,
  "z": 19000
}