{
  "height": 14.922742232386895,
  "id": 3622577139,
  "tabOrder": -42001,
  "width": 1245.6562726613488,
  "x": 0,
  "y": 387.99129804205933,
  "z": 6000
}