{
  "height": 67.759245830311812,
  "id": 3622577607,
  "tabOrder": 7000,
  "width": 301.66787527193617,
  "x": 16.759062711212934,
  "y": 94.875531360896488,
  "z": 11000
}