{
  "height": 73.581779451955512,
  "id": 3622579399,
  "tabOrder": -2001,
  "width": 111.66869341525219,
  "x": 77.860740362928141,
  "y": 0,
  "z": 3000
}