{
  "height": 577.06194690265477,
  "id": 3622579298,
  "tabOrder": -1001,
  "width": 1213.4592492187207,
  "x": 16.434560789186342,
  "y": 3.97937518640456,
  "z": 1000
}