{
  "height": 15.511676534856459,
  "id": 3622579851,
  "tabOrder": 62000,
  "width": 1245.5035460992908,
  "x": 0,
  "y": 216.36235249800973,
  "z": 12000
}