{
  "height": 576.73395839845352,
  "id": 3622577130,
  "tabOrder": -27001,
  "width": 15.810956649907972,
  "x": 251.79111412327273,
  "y": 0,
  "z": 30000
}