{
  "height": 73.787029623698956,
  "id": 3622579704,
  "tabOrder": -4001,
  "width": 1280.0016449756915,
  "x": 0,
  "y": 0,
  "z": 4000
}