{
  "height": 64.582436279566039,
  "id": 3622579384,
  "tabOrder": -4001,
  "width": 299.11493435154034,
  "x": 630.93874687922028,
  "y": 0,
  "z": 1000
}