{
  "height": 42.169285352255443,
  "id": 3622577094,
  "tabOrder": -24001,
  "width": 396.39128231120117,
  "x": 866.092245311708,
  "y": 170.62341611758742,
  "z": 30000
}