{
  "height": 599.49508408236045,
  "id": 3622579828,
  "tabOrder": 40000,
  "width": 15.809018111079094,
  "x": 314.81271663063023,
  "y": 0,
  "z": 28000
}