{
  "height": 14.922742232386895,
  "id": 3622579686,
  "tabOrder": 4000,
  "width": 1245.6562726613488,
  "x": 0,
  "y": 446.91156419437397,
  "z": 4000
}