{
  "height": 73.581779451955512,
  "id": 3622579860,
  "tabOrder": 1000,
  "width": 111.66869341525219,
  "x": 77.860740362928141,
  "y": 0,
  "z": 25000
}