{
  "height": 599.49508408236045,
  "id": 3622579830,
  "tabOrder": 42000,
  "width": 15.809018111079094,
  "x": 251.76024269263749,
  "y": 0,
  "z": 30000
}