{
  "height": 599.49508408236045,
  "id": 3622579822,
  "tabOrder": 34000,
  "width": 15.809018111079094,
  "x": 503.97013844460844,
  "y": 0,
  "z": 22000
}