{
  "height": 32.0348204570185,
  "id": 3622579721,
  "tabOrder": 1000,
  "width": 128.139281828074,
  "x": 991.68661588683347,
  "y": 38.998911860718167,
  "z": 3000
}