{
  "height": 67.396176664469351,
  "id": 3622577284,
  "tabOrder": 10000,
  "width": 299.48582729070534,
  "x": 646.43375082399473,
  "y": 91.127224785761385,
  "z": 26000
}