{
  "height": 599.49508408236045,
  "id": 3622579816,
  "tabOrder": 28000,
  "width": 15.809018111079094,
  "x": 693.12756025858664,
  "y": 0,
  "z": 16000
}