{
  "height": 11.379736513116304,
  "id": 3622579379,
  "tabOrder": -1001,
  "width": 299.11493435154034,
  "x": 0.48603805914763687,
  "y": 0,
  "z": 7000
}