{
  "height": 282.615219721329,
  "id": 3622579640,
  "tabOrder": 3000,
  "width": 299.07824222936762,
  "x": 17.834941050375136,
  "y": 119.35691318327974,
  "z": 2000
}