{
  "height": 35.762022028722832,
  "id": 3622577262,
  "tabOrder": -3001,
  "width": 445.83108142797386,
  "x": 834.17056354771773,
  "y": 37.039237101177221,
  "z": 1000
}