{
  "height": 599.49508408236045,
  "id": 3622579837,
  "tabOrder": 49000,
  "width": 15.809018111079094,
  "x": 31.076583909662922,
  "y": 0,
  "z": 37000
}