{
  "height": 576.73395839845352,
  "id": 3622579318,
  "tabOrder": -20001,
  "width": 15.810956649907972,
  "x": 630.152347603449,
  "y": 0,
  "z": 18000
}