{
  "height": 576.73395839845352,
  "id": 3622579502,
  "tabOrder": -24001,
  "width": 15.810956649907972,
  "x": 756.27275876350768,
  "y": 0,
  "z": 14000
}