{
  "height": 12.412225151298193,
  "id": 3622577271,
  "tabOrder": -2001,
  "width": 299.65598377740548,
  "x": 962.51189798259213,
  "y": 88.179840464104416,
  "z": 3000
}