{
  "height": 603.99054373522461,
  "id": 3622579797,
  "tabOrder": 69000,
  "width": 1245.5035460992908,
  "x": 16.945626477541371,
  "y": 95.621749408983447,
  "z": 0
}