{
  "height": 14.922742232386895,
  "id": 3622579461,
  "tabOrder": 15000,
  "width": 1245.6562726613488,
  "x": 0,
  "y": 118.61123508186223,
  "z": 15000
}