{
  "height": 12.412225151298193,
  "id": 3622577556,
  "tabOrder": -6001,
  "width": 299.65598377740548,
  "x": 17.687271558203509,
  "y": 92.090904819924759,
  "z": 10000
}