{
  "height": 34,
  "id": 3622579558,
  "tabOrder": 3000,
  "width": 130.10565338276183,
  "x": 886.26011145060215,
  "y": 85.25378003816104,
  "z": 8000
}