{
  "height": 45.65992865636148,
  "id": 3622577278,
  "tabOrder": 4000,
  "width": 615.64803804994062,
  "x": 646.84898929845428,
  "y": 173.50772889417362,
  "z": 20000
}