{
  "height": 581.98694706308913,
  "id": 3622577138,
  "tabOrder": -1,
  "width": 1245.6562726613488,
  "x": 0,
  "y": 0,
  "z": 0
}