{
  "height": 15.511676534856459,
  "id": 3622579856,
  "tabOrder": 67000,
  "width": 1245.5035460992908,
  "x": 0,
  "y": 61.2455871494451,
  "z": 17000
}