{
  "height": 12.412225151298193,
  "id": 3622577777,
  "tabOrder": -5001,
  "width": 299.65598377740548,
  "x": 331.11204541944994,
  "y": 92.090904819924759,
  "z": 14000
}