{
  "height": 599.49508408236045,
  "id": 3622579817,
  "tabOrder": 29000,
  "width": 15.809018111079094,
  "x": 661.60132328959025,
  "y": 0,
  "z": 17000
}