{
  "height": 599.49508408236045,
  "id": 3622579826,
  "tabOrder": 38000,
  "width": 15.809018111079094,
  "x": 377.86519056862295,
  "y": 0,
  "z": 26000
}