{
  "height": 392.6323422770123,
  "id": 3622577274,
  "width": 394.48875997099344,
  "x": 867.87527193618564,
  "y": 303.52429296591731,
  "z": 5000
}