{
  "height": 12.412225151298193,
  "id": 3622577636,
  "tabOrder": -4001,
  "width": 299.65598377740548,
  "x": 646.53939676408731,
  "y": 92.090904819924759,
  "z": 12000
}