{
  "height": 467.14167357083676,
  "id": 3622577273,
  "tabOrder": 3000,
  "width": 616.13918806959407,
  "x": 646.36288318144159,
  "y": 229.06379453189726,
  "z": 10000
}