{
  "height": 14.922742232386895,
  "id": 3622577342,
  "tabOrder": -5001,
  "width": 1245.6562726613488,
  "x": 0,
  "y": 149.22742232386898,
  "z": 14000
}