{
  "height": 339.65070422535211,
  "id": 3622577366,
  "tabOrder": 3000,
  "width": 616.56338028169012,
  "x": 16.585915492957746,
  "y": 87.977464788732391,
  "z": 15000
}