{
  "height": 15.511676534856459,
  "id": 3622579845,
  "tabOrder": 56000,
  "width": 1245.5035460992908,
  "x": 0,
  "y": 371.47911784657435,
  "z": 7000
}