{
  "height": 64.582436279566039,
  "id": 3622579386,
  "tabOrder": -1,
  "width": 299.11493435154034,
  "x": 0,
  "y": 0.39218300977405729,
  "z": 3000
}