{
  "height": 31,
  "id": 3622579720,
  "tabOrder": -1,
  "width": 79.6116504854369,
  "x": 1157.879104715209,
  "y": 39.472753758199168,
  "z": 2000
}