{
  "height": 254.32922407541696,
  "id": 3622577186,
  "tabOrder": 8000,
  "width": 393.56055112400287,
  "x": 17.635968092820885,
  "y": 173.57505438723712,
  "z": 20000
}