{
  "height": 14.922742232386895,
  "id": 3622577336,
  "tabOrder": -10001,
  "width": 1245.6562726613488,
  "x": 0,
  "y": 298.45484464773796,
  "z": 9000
}