{
  "height": 59.036999493157623,
  "id": 3622577096,
  "tabOrder": -21001,
  "width": 396.39128231120117,
  "x": 866.092245311708,
  "y": 204.35884439939178,
  "z": 2000
}