{
  "height": 14.922742232386895,
  "id": 3622577243,
  "tabOrder": 9000,
  "width": 1245.6562726613488,
  "x": 0,
  "y": 298.45484464773796,
  "z": 9000
}