{
  "height": 68.077661683666136,
  "id": 3622577721,
  "tabOrder": 5000,
  "width": 299.53837485774721,
  "x": 647.8137308626109,
  "y": 94.557115507542164,
  "z": 13000
}