{
  "height": 284.99040307101728,
  "id": 3622579296,
  "tabOrder": 1000,
  "width": 300.95969289827252,
  "x": 961.84261036468331,
  "y": 175.66218809980805,
  "z": 22000
}