{
  "height": 12,
  "id": 3622579465,
  "tabOrder": 19000,
  "width": 1244.7280638143582,
  "x": 1.199469300462076,
  "y": 0,
  "z": 19000
}