{
  "height": 36.542148004117585,
  "id": 3622579359,
  "tabOrder": 12000,
  "width": 438.74251362547255,
  "x": 195.19564891908777,
  "y": 37.244881619581392,
  "z": 10000
}