{
  "height": 15.511676534856459,
  "id": 3622579857,
  "tabOrder": 68000,
  "width": 1245.5035460992908,
  "x": 0,
  "y": 30.222234079732178,
  "z": 18000
}