{
  "height": 599.49508408236045,
  "id": 3622579835,
  "tabOrder": 47000,
  "width": 15.809018111079094,
  "x": 94.129057847655659,
  "y": 0,
  "z": 35000
}