{
  "height": 599.49508408236045,
  "id": 3622579831,
  "tabOrder": 43000,
  "width": 15.809018111079094,
  "x": 220.23400572364113,
  "y": 0,
  "z": 31000
}