{
  "height": 255.72354211663068,
  "id": 3622579372,
  "tabOrder": 3000,
  "width": 615.11879049676031,
  "x": 17.278617710583156,
  "y": 176.24190064794817,
  "z": 14000
}