{
  "height": 580.82281059063132,
  "id": 3622579394,
  "tabOrder": 1000,
  "width": 930.15071283095722,
  "x": 332.64358452138492,
  "y": 118.35437881873727,
  "z": 5000
}