{
  "height": 15.511676534856459,
  "id": 3622579849,
  "tabOrder": 60000,
  "width": 1245.5035460992908,
  "x": 0,
  "y": 278.40905863743558,
  "z": 10000
}