{
  "height": 14.922742232386895,
  "id": 3622579540,
  "tabOrder": -6001,
  "width": 1245.6562726613488,
  "x": 0,
  "y": 178.30220401140983,
  "z": 13000
}