{
  "height": 37.015615962984384,
  "id": 3622577351,
  "tabOrder": -1,
  "width": 122.15153267784846,
  "x": 834.331983805668,
  "y": 0,
  "z": 6000
}