{
  "height": 576.73395839845352,
  "id": 3622579616,
  "tabOrder": -2001,
  "width": 15.810956649907972,
  "x": 62.610497383184608,
  "y": 0,
  "z": 36000
}