{
  "height": 599.49508408236045,
  "id": 3622579819,
  "tabOrder": 31000,
  "width": 15.809018111079094,
  "x": 598.5488493515976,
  "y": 0,
  "z": 19000
}