{
  "height": 599.49508408236045,
  "id": 3622579834,
  "tabOrder": 46000,
  "width": 15.809018111079094,
  "x": 125.65529481665202,
  "y": 0,
  "z": 34000
}