{
  "height": 15.511676534856459,
  "id": 3622579848,
  "tabOrder": 59000,
  "width": 1245.5035460992908,
  "x": 0,
  "y": 588.64258933456483,
  "z": 0
}