{
  "height": 15.511676534856459,
  "id": 3622579841,
  "tabOrder": 52000,
  "width": 1245.5035460992908,
  "x": 0,
  "y": 464.54917705571307,
  "z": 4000
}