{
  "height": 37.00676527053993,
  "id": 3622579574,
  "tabOrder": -2001,
  "width": 645.46431095446133,
  "x": 189.13361708974074,
  "y": 36.389985849364272,
  "z": 0
}