{
  "height": 14.922742232386895,
  "id": 3622577330,
  "tabOrder": -15001,
  "width": 1245.6562726613488,
  "x": 0,
  "y": 447.68226697160691,
  "z": 4000
}