{
  "height": 60.546034012093159,
  "id": 3622579377,
  "tabOrder": 4000,
  "width": 295.17921153112536,
  "x": 963.24909755563885,
  "y": 100.4892306346148,
  "z": 5000
}