{
  "height": 68.077661683666136,
  "id": 3622577176,
  "tabOrder": 11000,
  "width": 299.53837485774721,
  "x": 332.36598545576805,
  "y": 90.646051151721821,
  "z": 9000
}