{
  "height": 15.511676534856459,
  "id": 3622579852,
  "tabOrder": 63000,
  "width": 1245.5035460992908,
  "x": 0,
  "y": 185.3389994282968,
  "z": 13000
}