{
  "height": 33.967637540453076,
  "id": 3622579391,
  "tabOrder": 3000,
  "width": 127.37864077669903,
  "x": 1007.4217702050587,
  "y": 85,
  "z": 11000
}