{
  "height": 15.511676534856459,
  "id": 3622579842,
  "tabOrder": 53000,
  "width": 1245.5035460992908,
  "x": 0,
  "y": 495.57253012542594,
  "z": 3000
}