{
  "height": 599.49508408236045,
  "id": 3622579825,
  "tabOrder": 37000,
  "width": 15.809018111079094,
  "x": 409.39142753761934,
  "y": 0,
  "z": 25000
}