{
  "height": 599.49508408236045,
  "id": 3622579832,
  "tabOrder": 44000,
  "width": 15.809018111079094,
  "x": 188.70776875464475,
  "y": 0,
  "z": 32000
}