{
  "height": 14.922742232386895,
  "id": 3622579528,
  "tabOrder": -14001,
  "width": 1245.6562726613488,
  "x": 0,
  "y": 417.06607972960018,
  "z": 5000
}