{
  "height": 60.546034012093159,
  "id": 3622579375,
  "tabOrder": 6000,
  "width": 295.17921153112536,
  "x": 333.53344628923816,
  "y": 100.4892306346148,
  "z": 9000
}