{
  "height": 60.546034012093159,
  "id": 3622579374,
  "tabOrder": 7000,
  "width": 295.17921153112536,
  "x": 18.675620656037811,
  "y": 100.4892306346148,
  "z": 11000
}