{
  "height": 14.922742232386895,
  "id": 3622579543,
  "tabOrder": -3001,
  "width": 1245.6562726613488,
  "x": 0,
  "y": 88.765750617088457,
  "z": 16000
}