{
  "height": 15.511676534856459,
  "id": 3622579854,
  "tabOrder": 65000,
  "width": 1245.5035460992908,
  "x": 0,
  "y": 123.29229328887094,
  "z": 15000
}