{
  "height": 14.922742232386895,
  "id": 3622577347,
  "tabOrder": -1,
  "width": 1245.6562726613488,
  "x": 0,
  "y": 0,
  "z": 19000
}