{
  "height": 14.922742232386895,
  "id": 3622577239,
  "tabOrder": 2000,
  "width": 1245.6562726613488,
  "x": 0,
  "y": 507.37323590115454,
  "z": 2000
}