{
  "height": 14.922742232386895,
  "id": 3622577331,
  "tabOrder": -16001,
  "width": 1245.6562726613488,
  "x": 0,
  "y": 477.52775143638064,
  "z": 3000
}