{
  "height": 291.47487844408425,
  "id": 3622579554,
  "tabOrder": 5000,
  "width": 298.21717990275528,
  "x": 17.633711507293356,
  "y": 118.24959481361425,
  "z": 16000
}