{
  "height": 583.06538049303322,
  "id": 3622579641,
  "tabOrder": 1000,
  "width": 928.78885316184358,
  "x": 333.37620578778137,
  "y": 117.9849946409432,
  "z": 1000
}