{
  "height": 255.72354211663068,
  "id": 3622579389,
  "tabOrder": 1000,
  "width": 615.11879049676031,
  "x": 17.278617710583156,
  "y": 446.47948164146874,
  "z": 19000
}