{
  "name": "8aac85e22fe8529c89e9",
  "layouts": [
    {
      "id": 0,
      "position": {
        "x": 16.70775924583031,
        "y": 97.461928934010146,
        "z": 1500,
        "width": 1245.6562726613488,
        "height": 64.9746192893401,
        "tabOrder": -2001
      }
    }
  ],
  "singleVisualGroup": {
    "displayName": "KPI",
    "groupMode": 0,
    "isHidden": false
  }
}