{
  "height": 64.9746192893401,
  "id": 3622579378,
  "tabOrder": -2001,
  "width": 1245.6562726613488,
  "x": 16.70775924583031,
  "y": 97.461928934010146,
  "z": 1500
}