{
  "height": 576.73395839845352,
  "id": 3622579749,
  "tabOrder": -34001,
  "width": 15.810956649907972,
  "x": 1071.5737866636546,
  "y": 0,
  "z": 4000
}