{
  "height": 599.49508408236045,
  "id": 3622579821,
  "tabOrder": 33000,
  "width": 15.809018111079094,
  "x": 535.49637541360494,
  "y": 0,
  "z": 21000
}