{
  "height": 599.49508408236045,
  "id": 3622579806,
  "tabOrder": 18000,
  "width": 15.809018111079094,
  "x": 913.81121904156123,
  "y": 0,
  "z": 9000
}