{
  "height": 576.73395839845352,
  "id": 3622579525,
  "tabOrder": -1001,
  "width": 15.810956649907972,
  "x": 31.08039459316992,
  "y": 0,
  "z": 37000
}