{
  "height": 599.49508408236045,
  "id": 3622579811,
  "tabOrder": 23000,
  "width": 15.809018111079094,
  "x": 1071.4424038865432,
  "y": 0,
  "z": 4000
}