{
  "height": 73.787029623698956,
  "id": 3622579368,
  "tabOrder": -1,
  "width": 189.22636301942151,
  "x": 0,
  "y": 0,
  "z": 3000
}