{
  "height": 15.511676534856459,
  "id": 3622579855,
  "tabOrder": 66000,
  "width": 1245.5035460992908,
  "x": 0,
  "y": 92.26894021915804,
  "z": 16000
}