{
  "height": 576.73395839845352,
  "id": 3622577126,
  "tabOrder": -38001,
  "width": 15.810956649907972,
  "x": 377.91152528333146,
  "y": 0,
  "z": 26000
}