{
  "height": 12.412225151298193,
  "id": 3622577171,
  "tabOrder": -40001,
  "width": 299.65598377740548,
  "x": 17.257867724974229,
  "y": 88.179840464104416,
  "z": 12000
}