{
  "height": 581.98694706308913,
  "id": 3622577234,
  "tabOrder": 1000,
  "width": 1245.6562726613488,
  "x": 0,
  "y": 0,
  "z": 0
}