{
  "height": 283.05010893246191,
  "id": 3622579560,
  "tabOrder": 4000,
  "width": 330.4575163398693,
  "x": 18.126361655773422,
  "y": 416.90631808278869,
  "z": 2000
}