{
  "height": 604.15426586942135,
  "id": 3622579838,
  "tabOrder": 69000,
  "width": 1245.7747732942485,
  "x": 0,
  "y": 0,
  "z": 0
}