{
  "height": 14.922742232386895,
  "id": 3622579622,
  "tabOrder": -16001,
  "width": 1245.6562726613488,
  "x": 0,
  "y": 476.7570486591477,
  "z": 3000
}