{
  "height": 576.73395839845352,
  "id": 3622579661,
  "tabOrder": 16000,
  "width": 15.810956649907972,
  "x": 693.21255318347835,
  "y": 0,
  "z": 16000
}