{
  "height": 576.73395839845352,
  "id": 3622579676,
  "tabOrder": 31000,
  "width": 15.810956649907972,
  "x": 220.26101133325804,
  "y": 0,
  "z": 31000
}