{
  "height": 73.787029623698956,
  "id": 3622577168,
  "tabOrder": -2001,
  "width": 189.22636301942151,
  "x": 0,
  "y": 0,
  "z": 3000
}