{
  "height": 12.412225151298193,
  "id": 3622577872,
  "tabOrder": -3001,
  "width": 299.65598377740548,
  "x": 962.56320144797473,
  "y": 92.090904819924759,
  "z": 16000
}