{
  "name": "e9f1d24f308635c7b74b",
  "layouts": [
    {
      "id": 0,
      "position": {
        "height": 581.21624428585608,
        "width": 1245.9275331148203,
        "x": 0,
        "y": 0,
        "z": 0,
        "tabOrder": 1000
      }
    }
  ],
  "singleVisualGroup": {
    "displayName": "Horizontal",
    "groupMode": 0,
    "isHidden": false
  },
  "parentGroupName": "5a182e590787407ff806"
}