{
  "height": 32.0348204570185,
  "id": 3622579711,
  "tabOrder": 5000,
  "width": 121.17519042437431,
  "x": 835.69096844396074,
  "y": 37.606093579978236,
  "z": 7000
}