{
  "height": 26.918056562726612,
  "id": 3622577182,
  "tabOrder": 3000,
  "width": 196.78027556200144,
  "x": 870.6598984771573,
  "y": 269.18056562726611,
  "z": 14000
}