{
  "height": 402.38873239436617,
  "id": 3622577365,
  "width": 614.4,
  "x": 648.29295774647892,
  "y": 293.49859154929578,
  "z": 14000
}