{
  "height": 581.05873821609862,
  "id": 3622579485,
  "tabOrder": -1001,
  "width": 1245.6562726613488,
  "x": 16.70775924583031,
  "y": 118.81073241479332,
  "z": 0
}