{
  "height": 15.511676534856459,
  "id": 3622579839,
  "tabOrder": 50000,
  "width": 1245.5035460992908,
  "x": 0,
  "y": 402.50247091628728,
  "z": 6000
}