{
  "height": 576.73395839845352,
  "id": 3622577302,
  "tabOrder": -36001,
  "width": 15.810956649907972,
  "x": 1134.6339922436839,
  "y": 0,
  "z": 2000
}