{
  "height": 68.077661683666136,
  "id": 3622577174,
  "tabOrder": 10000,
  "width": 299.53837485774721,
  "x": 647.76242739722829,
  "y": 90.646051151721821,
  "z": 5000
}