{
  "height": 34,
  "id": 3622579557,
  "tabOrder": 2000,
  "width": 127.67377201112141,
  "x": 1016.260111450602,
  "y": 85.25378003816104,
  "z": 7000
}