{
  "height": 252.65160523186685,
  "id": 3622577277,
  "tabOrder": 8000,
  "width": 300.59453032104642,
  "x": 17.502972651605234,
  "y": 175.02972651605234,
  "z": 19000
}