{
  "height": 15.511676534856459,
  "id": 3622579844,
  "tabOrder": 55000,
  "width": 1245.5035460992908,
  "x": 0,
  "y": 557.61923626485191,
  "z": 1000
}