{
  "height": 67.47085656360872,
  "id": 3622577095,
  "tabOrder": 6000,
  "width": 372.387227572225,
  "x": 870.63355296502777,
  "y": 171.92093258996451,
  "z": 22000
}