{
  "height": 14.922742232386895,
  "id": 3622579628,
  "tabOrder": -19001,
  "width": 1245.6562726613488,
  "x": 0,
  "y": 566.29350205346918,
  "z": 0
}