{
  "height": 576.73395839845352,
  "id": 3622577119,
  "tabOrder": -55001,
  "width": 15.810956649907972,
  "x": 598.62224481343435,
  "y": 0,
  "z": 19000
}