{
  "height": 14.922742232386895,
  "id": 3622579794,
  "tabOrder": -2001,
  "width": 1245.6562726613488,
  "x": 0,
  "y": 58.920266152314653,
  "z": 17000
}