{
  "height": 599.49508408236045,
  "id": 3622579807,
  "tabOrder": 19000,
  "width": 15.809018111079094,
  "x": 976.86369297955389,
  "y": 0,
  "z": 7000
}