{
  "height": 68.077661683666136,
  "id": 3622577914,
  "tabOrder": 4000,
  "width": 299.53837485774721,
  "x": 962.87696051481453,
  "y": 94.557115507542164,
  "z": 17000
}