{
  "height": 599.49508408236045,
  "id": 3622579824,
  "tabOrder": 36000,
  "width": 15.809018111079094,
  "x": 440.91766450661567,
  "y": 0,
  "z": 24000
}