{
  "height": 36.200145032632342,
  "id": 3622577188,
  "tabOrder": -17001,
  "width": 206.99057287889775,
  "x": 866.0188542422045,
  "y": 264.53952139231325,
  "z": 13000
}