{
  "height": 252.47280638143582,
  "id": 3622577180,
  "tabOrder": 5000,
  "width": 393.56055112400287,
  "x": 17.635968092820885,
  "y": 442.75562001450322,
  "z": 21000
}