{
  "height": 64.582436279566039,
  "id": 3622579383,
  "tabOrder": -2001,
  "width": 299.11493435154034,
  "x": 315.46937343961014,
  "y": 0,
  "z": 2000
}