{
  "height": 33.967637540453076,
  "id": 3622579473,
  "tabOrder": 3000,
  "width": 129.50161812297736,
  "x": 877.92015208208147,
  "y": 85,
  "z": 10000
}