{
  "height": 67.396176664469351,
  "id": 3622577283,
  "tabOrder": 12000,
  "width": 299.48582729070534,
  "x": 17.5609756097561,
  "y": 90.652603823335539,
  "z": 25000
}