{
  "height": 576.73395839845352,
  "id": 3622579315,
  "tabOrder": -23001,
  "width": 15.810956649907972,
  "x": 724.74265597349313,
  "y": 0,
  "z": 15000
}