{
  "height": 364.51843043995245,
  "id": 3622577184,
  "tabOrder": 1000,
  "width": 394.95838287752679,
  "x": 867.53864447086812,
  "y": 301.35552913198575,
  "z": 6000
}