{
  "height": 599.49508408236045,
  "id": 3622579805,
  "tabOrder": 17000,
  "width": 15.809018111079094,
  "x": 882.28498207256484,
  "y": 0,
  "z": 10000
}