{
  "height": 37.244881619581392,
  "id": 3622579361,
  "tabOrder": 13000,
  "width": 438.74251362547255,
  "x": 195.19564891908777,
  "y": 0,
  "z": 12000
}