{
  "height": 12.412225151298193,
  "id": 3622577175,
  "tabOrder": -37001,
  "width": 299.65598377740548,
  "x": 332.30718099593895,
  "y": 88.179840464104416,
  "z": 10000
}