{
  "height": 576.73395839845352,
  "id": 3622577134,
  "tabOrder": -15001,
  "width": 15.810956649907972,
  "x": 125.67070296321397,
  "y": 0,
  "z": 34000
}