{
  "height": 67.759245830311812,
  "id": 3622577172,
  "tabOrder": 12000,
  "width": 300,
  "x": 17.08585961367697,
  "y": 90.964467005076145,
  "z": 11000
}