{
  "height": 14.922742232386895,
  "id": 3622577340,
  "tabOrder": -7001,
  "width": 1245.6562726613488,
  "x": 0,
  "y": 208.91839125341656,
  "z": 12000
}