{
  "height": 67.785915492957741,
  "id": 3622577270,
  "tabOrder": 11000,
  "width": 299.26760563380282,
  "x": 333.1605633802817,
  "y": 90.861971830985922,
  "z": 6000
}