{
  "height": 599.83601683487291,
  "id": 3622579798,
  "tabOrder": 49000,
  "width": 1213.3104702470268,
  "x": 16.432545791932803,
  "y": 4.1364234361949741,
  "z": 1000
}