{
  "height": 576.73395839845352,
  "id": 3622579128,
  "tabOrder": -14001,
  "width": 15.810956649907972,
  "x": 440.97173086336079,
  "y": 0,
  "z": 24000
}