{
  "height": 167.36456211812629,
  "id": 3622579472,
  "tabOrder": 6000,
  "width": 303.44602851323828,
  "x": 14.077393075356415,
  "y": 84.9857433808554,
  "z": 17000
}