{
  "height": 254.32922407541696,
  "id": 3622579371,
  "tabOrder": 2000,
  "width": 614.4742567077592,
  "x": 647.88977519941989,
  "y": 177.2878897751994,
  "z": 13000
}