{
  "height": 14.922742232386895,
  "id": 3622579350,
  "tabOrder": -8001,
  "width": 1245.6562726613488,
  "x": 0,
  "y": 237.99317294095738,
  "z": 11000
}