{
  "height": 223.41818181818181,
  "id": 3622577387,
  "width": 1245.5563636363636,
  "x": 16.756363636363638,
  "y": 476.62545454545455,
  "z": 1000
}