{
  "height": 599.49508408236045,
  "id": 3622579815,
  "tabOrder": 27000,
  "width": 15.809018111079094,
  "x": 724.65379722758314,
  "y": 0,
  "z": 15000
}