{
  "height": 599.49508408236045,
  "id": 3622579818,
  "tabOrder": 30000,
  "width": 15.809018111079094,
  "x": 630.075086320594,
  "y": 0,
  "z": 18000
}