{
  "height": 15.511676534856459,
  "id": 3622579846,
  "tabOrder": 57000,
  "width": 1245.5035460992908,
  "x": 0,
  "y": 340.45576477686143,
  "z": 8000
}