{
  "height": 73.3967511199042,
  "id": 3622579865,
  "tabOrder": 9000,
  "width": 1280.0016449756915,
  "x": 0,
  "y": 0,
  "z": 2000
}