{
  "height": 576.73395839845352,
  "id": 3622577202,
  "tabOrder": 9000,
  "width": 15.810956649907972,
  "x": 913.92327271358113,
  "y": 0,
  "z": 9000
}