{
  "height": 36.917257683215134,
  "id": 3622579864,
  "tabOrder": 5000,
  "width": 105.30496453900709,
  "x": 1157.1442080378251,
  "y": 0,
  "z": 21000
}