{
  "height": 599.49508408236045,
  "id": 3622579812,
  "tabOrder": 24000,
  "width": 15.809018111079094,
  "x": 1102.9686408555392,
  "y": 0,
  "z": 3000
}