{
  "height": 252.47280638143582,
  "id": 3622577179,
  "tabOrder": 4000,
  "width": 425.11965192168236,
  "x": 426.9760696156635,
  "y": 442.75562001450322,
  "z": 19000
}