{
  "height": 12.483120780195048,
  "id": 3622577173,
  "tabOrder": -34001,
  "width": 299.59489872468117,
  "x": 648.16204051012744,
  "y": 88.342085521380341,
  "z": 7000
}