{
  "height": 576.73395839845352,
  "id": 3622577135,
  "tabOrder": -11001,
  "width": 15.810956649907972,
  "x": 94.1406001731993,
  "y": 0,
  "z": 35000
}