{
  "height": 576.73395839845352,
  "id": 3622577311,
  "tabOrder": -16001,
  "width": 15.810956649907972,
  "x": 504.03193644339024,
  "y": 0,
  "z": 22000
}