{
  "height": 37.041800643086816,
  "id": 3622579716,
  "tabOrder": -1001,
  "width": 104.26580921757771,
  "x": 1157.8992497320471,
  "y": 0,
  "z": 12000
}