{
  "height": 33,
  "id": 3622579294,
  "tabOrder": 8000,
  "width": 166.63272727272727,
  "x": 1111.4840128099174,
  "y": 39.151780268595047,
  "z": 20000
}