{
  "height": 14.922742232386895,
  "id": 3622579535,
  "tabOrder": -10001,
  "width": 1245.6562726613488,
  "x": 0,
  "y": 297.684141870505,
  "z": 9000
}