{
  "height": 576.73395839845352,
  "id": 3622577102,
  "tabOrder": -62001,
  "width": 15.810956649907972,
  "x": 787.80286155352246,
  "y": 0,
  "z": 13000
}