{
  "height": 599.49508408236045,
  "id": 3622579813,
  "tabOrder": 25000,
  "width": 15.809018111079094,
  "x": 1134.4948778245357,
  "y": 0,
  "z": 2000
}