{
  "height": 33,
  "id": 3622579387,
  "tabOrder": 8000,
  "width": 137.77454545454546,
  "x": 973.70946735537177,
  "y": 39.151780268595047,
  "z": 17000
}