{
  "height": 282.6554856743536,
  "id": 3622577434,
  "tabOrder": 3000,
  "width": 466.02375960866527,
  "x": 16.995108315863032,
  "y": 178.00139762403913,
  "z": 2000
}