{
  "height": 14.922742232386895,
  "id": 3622577335,
  "tabOrder": -11001,
  "width": 1245.6562726613488,
  "x": 0,
  "y": 328.30032911251175,
  "z": 8000
}