{
  "height": 576.73395839845352,
  "id": 3622579428,
  "tabOrder": 21000,
  "width": 15.810956649907972,
  "x": 535.562039233405,
  "y": 0,
  "z": 21000
}