{
  "height": 190.3774647887324,
  "id": 3622577364,
  "tabOrder": 2000,
  "width": 614.4,
  "x": 647.57183098591554,
  "y": 87.977464788732391,
  "z": 13000
}