{
  "height": 254.32922407541696,
  "id": 3622577185,
  "tabOrder": 7000,
  "width": 425.11965192168236,
  "x": 426.9760696156635,
  "y": 173.57505438723712,
  "z": 18000
}