{
  "height": 576.73395839845352,
  "id": 3622579589,
  "tabOrder": -30001,
  "width": 15.810956649907972,
  "x": 945.45337550359591,
  "y": 0,
  "z": 8000
}