{
  "height": 33.171830985915491,
  "id": 3622577363,
  "tabOrder": 5000,
  "width": 137.73521126760562,
  "x": 838.94324755762523,
  "y": 38.219718309859161,
  "z": 12000
}