{
  "height": 14.922742232386895,
  "id": 3622577149,
  "tabOrder": -30001,
  "width": 1245.6562726613488,
  "x": 0,
  "y": 268.60936018296417,
  "z": 10000
}