{
  "height": 576.73395839845352,
  "id": 3622579521,
  "tabOrder": -5001,
  "width": 15.810956649907972,
  "x": 157.20080575322865,
  "y": 0,
  "z": 33000
}