{
  "height": 599.49508408236045,
  "id": 3622579833,
  "tabOrder": 45000,
  "width": 15.809018111079094,
  "x": 157.18153178564839,
  "y": 0,
  "z": 33000
}