{
  "height": 12.412225151298193,
  "id": 3622577268,
  "tabOrder": -3001,
  "width": 299.65598377740548,
  "x": 646.48809329870471,
  "y": 88.179840464104416,
  "z": 4000
}