{
  "height": 33.171830985915491,
  "id": 3622577190,
  "tabOrder": 14000,
  "width": 148.55211267605634,
  "x": 978.12071234635755,
  "y": 38.219718309859161,
  "z": 31000
}