{
  "height": 599.49508408236045,
  "id": 3622579827,
  "tabOrder": 39000,
  "width": 15.809018111079094,
  "x": 346.33895359962656,
  "y": 0,
  "z": 27000
}