{
  "height": 599.61384637438209,
  "id": 3622579799,
  "tabOrder": 11000,
  "width": 15.763118484498182,
  "x": 1197.5473517625287,
  "y": 0.22217046049082856,
  "z": 1000
}