{
  "height": 14.922742232386895,
  "id": 3622579629,
  "tabOrder": -9001,
  "width": 1245.6562726613488,
  "x": 0,
  "y": 267.83865740573123,
  "z": 10000
}