{
  "height": 576.73395839845352,
  "id": 3622579655,
  "tabOrder": 5000,
  "width": 15.810956649907972,
  "x": 1040.04368387364,
  "y": 0,
  "z": 5000
}