{
  "height": 14.922742232386895,
  "id": 3622577344,
  "tabOrder": -3001,
  "width": 1245.6562726613488,
  "x": 0,
  "y": 89.536453394321384,
  "z": 16000
}