{
  "height": 576.73395839845352,
  "id": 3622577123,
  "tabOrder": -47001,
  "width": 15.810956649907972,
  "x": 472.50183365337551,
  "y": 0,
  "z": 23000
}