{
  "height": 582.19804134929268,
  "id": 3622579553,
  "width": 931.79542981501629,
  "x": 331.49075081610442,
  "y": 118.38955386289445,
  "z": 15000
}