{
  "height": 599.49508408236045,
  "id": 3622579802,
  "tabOrder": 14000,
  "width": 15.809018111079094,
  "x": 787.7062711655758,
  "y": 0,
  "z": 13000
}