{
  "height": 275.91572123176661,
  "id": 3622579555,
  "tabOrder": 4000,
  "width": 298.21717990275528,
  "x": 17.633711507293356,
  "y": 424.76499189627225,
  "z": 17000
}