{
  "height": 253.90593047034767,
  "id": 3622577285,
  "tabOrder": 5000,
  "width": 302.98568507157466,
  "x": 331.1247443762781,
  "y": 442.37218813905929,
  "z": 27001
}