{
  "height": 576.73395839845352,
  "id": 3622579520,
  "tabOrder": -6001,
  "width": 15.810956649907972,
  "x": 188.73090854324334,
  "y": 0,
  "z": 32000
}