{
  "height": 576.73395839845352,
  "id": 3622579305,
  "tabOrder": -28001,
  "width": 15.810956649907972,
  "x": 882.39316992356646,
  "y": 0,
  "z": 10000
}