{
  "height": 599.49508408236045,
  "id": 3622579836,
  "tabOrder": 48000,
  "width": 15.809018111079094,
  "x": 62.602820878659287,
  "y": 0,
  "z": 36000
}