{
  "height": 33.171830985915491,
  "id": 3622577280,
  "tabOrder": -1,
  "width": 148.55211267605634,
  "x": 978.12071234635755,
  "y": 38.219718309859161,
  "z": 22000
}