{
  "height": 60.546034012093159,
  "id": 3622579376,
  "tabOrder": 5000,
  "width": 295.17921153112536,
  "x": 648.39127192243859,
  "y": 100.4892306346148,
  "z": 7000
}