{
  "height": 14.922742232386895,
  "id": 3622577253,
  "tabOrder": 18000,
  "width": 1245.6562726613488,
  "x": 0,
  "y": 29.845484464773786,
  "z": 18000
}