{
  "height": 33.427638737758429,
  "id": 3622579392,
  "tabOrder": 2000,
  "width": 128.139281828074,
  "x": 1133.7540805223068,
  "y": 85.53999880269464,
  "z": 10000
}