{
  "height": 37.015615962984384,
  "id": 3622577514,
  "tabOrder": 10000,
  "width": 122.15153267784846,
  "x": 834.331983805668,
  "y": 0,
  "z": 7000
}