{
  "height": 599.49508408236045,
  "id": 3622579804,
  "tabOrder": 16000,
  "width": 15.809018111079094,
  "x": 850.75874510356846,
  "y": 0,
  "z": 11000
}