{
  "height": 11.379736513116304,
  "id": 3622579380,
  "tabOrder": -3001,
  "width": 299.11493435154034,
  "x": 316.23031064156015,
  "y": 0,
  "z": 6000
}