{
  "height": 73.787029623698956,
  "id": 3622577261,
  "tabOrder": -8001,
  "width": 1280.0016449756915,
  "x": 0,
  "y": 0,
  "z": 2000
}