{
  "height": 29.678953626634961,
  "id": 3622577189,
  "tabOrder": -14001,
  "width": 394.95838287752679,
  "x": 867.53864447086812,
  "y": 665.87395957193826,
  "z": 17000
}