{
  "height": 73.581779451955512,
  "id": 3622579718,
  "tabOrder": -3001,
  "width": 68.640389530476114,
  "x": 9.2203508324520147,
  "y": 0,
  "z": 14000
}