{
  "height": 576.73395839845352,
  "id": 3622579653,
  "tabOrder": 6000,
  "width": 15.810956649907972,
  "x": 1008.5135810836252,
  "y": 0,
  "z": 6000
}