{
  "height": 282.6554856743536,
  "id": 3622579295,
  "tabOrder": 2000,
  "width": 449.92313067784767,
  "x": 496.43605870020968,
  "y": 178.00139762403913,
  "z": 21000
}