{
  "height": 576.73395839845352,
  "id": 3622577293,
  "tabOrder": -27001,
  "width": 15.810956649907972,
  "x": 850.86306713355179,
  "y": 0,
  "z": 11000
}