{
  "height": 15.511676534856459,
  "id": 3622579853,
  "tabOrder": 64000,
  "width": 1245.5035460992908,
  "x": 0,
  "y": 154.31564635858388,
  "z": 14000
}