{
  "height": 12.412225151298193,
  "id": 3622577269,
  "tabOrder": -4001,
  "width": 299.65598377740548,
  "x": 331.06074195406734,
  "y": 88.179840464104416,
  "z": 7000
}