{
  "height": 15.511676534856459,
  "id": 3622579843,
  "tabOrder": 54000,
  "width": 1245.5035460992908,
  "x": 0,
  "y": 526.595883195139,
  "z": 2000
}